{"cameraMode":{"drawMode":0,"name":"Shaded","section":"Shading Mode"},"sceneLighting":false,"audioPlay":false,"sceneViewState":{"showFog":false,"showMaterialUpdate":false,"showSkybox":false,"showFlares":false,"showImageEffects":false,"showParticleSystems":false},"in2DMode":false,"pivot":{"x":38.63784408569336,"y":-11.709264755249024,"z":-6.208070755004883},"rotation":{"x":0.23616737127304078,"y":-0.6703242659568787,"z":0.23930643498897553,"w":0.6615315675735474},"size":34.382999420166019,"orthographic":false}