{"cameraMode":{"drawMode":0,"name":"Shaded","section":"Shading Mode"},"sceneLighting":true,"audioPlay":false,"sceneViewState":{"showFog":false,"showMaterialUpdate":false,"showSkybox":false,"showFlares":false,"showImageEffects":false,"showParticleSystems":false},"in2DMode":false,"pivot":{"x":-31.77947425842285,"y":-13.939992904663086,"z":-44.93959426879883},"rotation":{"x":0.2543815076351166,"y":0.283479243516922,"z":-0.07827188819646836,"w":0.9213048219680786},"size":21.871868133544923,"orthographic":false}