{"cameraMode":{"drawMode":0,"name":"Shaded","section":"Shading Mode"},"sceneLighting":true,"audioPlay":false,"sceneViewState":{"showFog":false,"showMaterialUpdate":false,"showSkybox":false,"showFlares":false,"showImageEffects":false,"showParticleSystems":false},"in2DMode":false,"pivot":{"x":3.5944457054138185,"y":0.7640864849090576,"z":0.6061190366744995},"rotation":{"x":-0.16385070979595185,"y":-0.5236883759498596,"z":0.10343409329652786,"w":-0.8295837044715881},"size":5.729452133178711,"orthographic":false}