{"cameraMode":{"drawMode":0,"name":"Shaded","section":"Shading Mode"},"sceneLighting":true,"audioPlay":false,"sceneViewState":{"showFog":false,"showMaterialUpdate":false,"showSkybox":false,"showFlares":false,"showImageEffects":false,"showParticleSystems":false},"in2DMode":false,"pivot":{"x":6.509571075439453,"y":-4.074389934539795,"z":-0.5952879190444946},"rotation":{"x":-0.22720058262348176,"y":-0.6640492677688599,"z":0.22301074862480164,"w":-0.6765244007110596},"size":7.339861869812012,"orthographic":false}