{"cameraMode":{"drawMode":0,"name":"Shaded","section":"Shading Mode"},"sceneLighting":false,"audioPlay":false,"sceneViewState":{"showFog":false,"showMaterialUpdate":false,"showSkybox":false,"showFlares":false,"showImageEffects":false,"showParticleSystems":false},"in2DMode":false,"pivot":{"x":0.40946197509765627,"y":-39.905460357666019,"z":11.940658569335938},"rotation":{"x":0.2705591320991516,"y":-0.3804393708705902,"z":0.11743257194757462,"w":0.8765127062797546},"size":79.51557159423828,"orthographic":false}