{"cameraMode":{"drawMode":0,"name":"Shaded","section":"Shading Mode"},"sceneLighting":true,"audioPlay":false,"sceneViewState":{"showFog":false,"showMaterialUpdate":false,"showSkybox":false,"showFlares":false,"showImageEffects":false,"showParticleSystems":false},"in2DMode":false,"pivot":{"x":54.94732666015625,"y":-42.78369140625,"z":-39.92182922363281},"rotation":{"x":0.27212414145469668,"y":0.5385530591011047,"z":-0.189179465174675,"w":0.7746767401695252},"size":47.80074691772461,"orthographic":false}