{"cameraMode":{"drawMode":0,"name":"Shaded","section":"Shading Mode"},"sceneLighting":true,"audioPlay":false,"sceneViewState":{"showFog":true,"showMaterialUpdate":false,"showSkybox":true,"showFlares":true,"showImageEffects":true,"showParticleSystems":true},"in2DMode":false,"pivot":{"x":-3.8866121768951418,"y":5.785133361816406,"z":3.58566951751709},"rotation":{"x":-0.22589248418807984,"y":0.22468020021915437,"z":-0.05362975597381592,"w":-0.9463695287704468},"size":4.5935564041137699,"orthographic":false}