{"cameraMode":{"drawMode":0,"name":"Shaded","section":"Shading Mode"},"sceneLighting":false,"audioPlay":false,"sceneViewState":{"showFog":true,"showMaterialUpdate":false,"showSkybox":true,"showFlares":true,"showImageEffects":true,"showParticleSystems":true},"in2DMode":false,"pivot":{"x":-0.5109977722167969,"y":0.15849041938781739,"z":0.3009660243988037},"rotation":{"x":-0.08304817974567414,"y":0.8866297602653503,"z":-0.17540329694747926,"w":-0.4197925329208374},"size":1.3975908756256104,"orthographic":false}