{"cameraMode":{"drawMode":0,"name":"Shaded","section":"Shading Mode"},"sceneLighting":true,"audioPlay":false,"sceneViewState":{"showFog":false,"showMaterialUpdate":false,"showSkybox":false,"showFlares":false,"showImageEffects":false,"showParticleSystems":false},"in2DMode":false,"pivot":{"x":-13.217447280883789,"y":2.6090903282165529,"z":4.759587287902832},"rotation":{"x":0.00033888634061440825,"y":-0.995559573173523,"z":-0.0035857639741152527,"w":-0.09406391531229019},"size":0.816084086894989,"orthographic":false}