{"cameraMode":{"drawMode":0,"name":"Shaded","section":"Shading Mode"},"sceneLighting":true,"audioPlay":false,"sceneViewState":{"showFog":false,"showMaterialUpdate":false,"showSkybox":false,"showFlares":false,"showImageEffects":false,"showParticleSystems":false},"in2DMode":false,"pivot":{"x":60.319156646728519,"y":-10.960395812988282,"z":-0.1505126953125},"rotation":{"x":0.28861111402511599,"y":0.01435625459998846,"z":-0.004328012466430664,"w":0.9573296308517456},"size":100.94281768798828,"orthographic":false}