{"cameraMode":{"drawMode":0,"name":"Shaded","section":"Shading Mode"},"sceneLighting":true,"audioPlay":false,"sceneViewState":{"showFog":false,"showMaterialUpdate":false,"showSkybox":false,"showFlares":false,"showImageEffects":false,"showParticleSystems":false},"in2DMode":false,"pivot":{"x":8.11386489868164,"y":-14.762421607971192,"z":31.350513458251954},"rotation":{"x":0.16994668543338777,"y":0.05023463815450668,"z":-0.00867515616118908,"w":0.9841348528862},"size":41.39537811279297,"orthographic":false}