{"cameraMode":{"drawMode":0,"name":"Shaded","section":"Shading Mode"},"sceneLighting":true,"audioPlay":false,"sceneViewState":{"showFog":false,"showMaterialUpdate":false,"showSkybox":false,"showFlares":false,"showImageEffects":false,"showParticleSystems":false},"in2DMode":false,"pivot":{"x":193.87969970703126,"y":8.640464782714844,"z":16.921504974365236},"rotation":{"x":0.16781096160411836,"y":-0.8321439623832703,"z":0.378519207239151,"w":0.3689175248146057},"size":31.379512786865236,"orthographic":false}