{"cameraMode":{"drawMode":0,"name":"Shaded","section":"Shading Mode"},"sceneLighting":true,"audioPlay":false,"sceneViewState":{"showFog":false,"showMaterialUpdate":false,"showSkybox":false,"showFlares":false,"showImageEffects":false,"showParticleSystems":false},"in2DMode":false,"pivot":{"x":-13.3484525680542,"y":2.2887790203094484,"z":4.688566207885742},"rotation":{"x":-0.0013873630668967963,"y":0.38018789887428286,"z":0.0005702823400497437,"w":0.9249078035354614},"size":1.7660272121429444,"orthographic":false}