{"cameraMode":{"drawMode":0,"name":"Shaded","section":"Shading Mode"},"sceneLighting":true,"audioPlay":false,"sceneViewState":{"showFog":true,"showMaterialUpdate":false,"showSkybox":true,"showFlares":true,"showImageEffects":true,"showParticleSystems":true},"in2DMode":false,"pivot":{"x":-31.083370208740236,"y":-16.487319946289064,"z":60.48774719238281},"rotation":{"x":0.17825444042682649,"y":-0.2193448692560196,"z":0.04079814627766609,"w":0.9583600759506226},"size":42.66701126098633,"orthographic":false}